{
  "cities": [
    {
      "name": "New York",
      "country": "US",
      "state": "New York",
      "lat": 40.7128,
      "lon": -74.006,
      "timezone": "America/New_York"
    },
    {
      "name": "London",
      "country": "GB",
      "state": "",
      "lat": 51.5074,
      "lon": -0.1278,
      "timezone": "Europe/London"
    },
    {
      "name": "Paris",
      "country": "FR",
      "state": "",
      "lat": 48.8566,
      "lon": 2.3522,
      "timezone": "Europe/Paris"
    },
    {
      "name": "Tokyo",
      "country": "JP",
      "state": "",
      "lat": 35.6762,
      "lon": 139.6503,
      "timezone": "Asia/Tokyo"
    },
    {
      "name": "Sydney",
      "country": "AU",
      "state": "New South Wales",
      "lat": -33.8688,
      "lon": 151.2093,
      "timezone": "Australia/Sydney"
    },
    {
      "name": "Dubai",
      "country": "AE",
      "state": "",
      "lat": 25.2048,
      "lon": 55.2708,
      "timezone": "Asia/Dubai"
    },
    {
      "name": "Singapore",
      "country": "SG",
      "state": "",
      "lat": 1.3521,
      "lon": 103.8198,
      "timezone": "Asia/Singapore"
    },
    {
      "name": "Los Angeles",
      "country": "US",
      "state": "California",
      "lat": 34.0522,
      "lon": -118.2437,
      "timezone": "America/Los_Angeles"
    },
    {
      "name": "Berlin",
      "country": "DE",
      "state": "",
      "lat": 52.52,
      "lon": 13.405,
      "timezone": "Europe/Berlin"
    },
    {
      "name": "Mumbai",
      "country": "IN",
      "state": "Maharashtra",
      "lat": 19.076,
      "lon": 72.8777,
      "timezone": "Asia/Kolkata"
    },
    {
      "name": "São Paulo",
      "country": "BR",
      "state": "",
      "lat": -23.5505,
      "lon": -46.6333,
      "timezone": "America/Sao_Paulo"
    },
    {
      "name": "Cairo",
      "country": "EG",
      "state": "",
      "lat": 30.0444,
      "lon": 31.2357,
      "timezone": "Africa/Cairo"
    },
    {
      "name": "Moscow",
      "country": "RU",
      "state": "",
      "lat": 55.7558,
      "lon": 37.6173,
      "timezone": "Europe/Moscow"
    },
    {
      "name": "Toronto",
      "country": "CA",
      "state": "Ontario",
      "lat": 43.6532,
      "lon": -79.3832,
      "timezone": "America/Toronto"
    },
    {
      "name": "Hong Kong",
      "country": "HK",
      "state": "",
      "lat": 22.3193,
      "lon": 114.1694,
      "timezone": "Asia/Hong_Kong"
    },
    {
      "name": "Seoul",
      "country": "KR",
      "state": "",
      "lat": 37.5665,
      "lon": 126.978,
      "timezone": "Asia/Seoul"
    },
    {
      "name": "Bangkok",
      "country": "TH",
      "state": "",
      "lat": 13.7563,
      "lon": 100.5018,
      "timezone": "Asia/Bangkok"
    },
    {
      "name": "Amsterdam",
      "country": "NL",
      "state": "",
      "lat": 52.3676,
      "lon": 4.9041,
      "timezone": "Europe/Amsterdam"
    },
    {
      "name": "Rome",
      "country": "IT",
      "state": "",
      "lat": 41.9028,
      "lon": 12.4964,
      "timezone": "Europe/Rome"
    },
    {
      "name": "Madrid",
      "country": "ES",
      "state": "",
      "lat": 40.4168,
      "lon": -3.7038,
      "timezone": "Europe/Madrid"
    },
    {
      "name": "Abidjan",
      "country": "CI",
      "state": "",
      "lat": 5.3600,
      "lon": -4.0083,
      "timezone": "Africa/Abidjan"
    },
    {
      "name": "Lagos",
      "country": "NG",
      "state": "",
      "lat": 6.5244,
      "lon": 3.3792,
      "timezone": "Africa/Lagos"
    },
    {
      "name": "Nairobi",
      "country": "KE",
      "state": "",
      "lat": -1.2921,
      "lon": 36.8219,
      "timezone": "Africa/Nairobi"
    },
    {
      "name": "Johannesburg",
      "country": "ZA",
      "state": "",
      "lat": -26.2041,
      "lon": 28.0473,
      "timezone": "Africa/Johannesburg"
    },
    {
      "name": "Casablanca",
      "country": "MA",
      "state": "",
      "lat": 33.5731,
      "lon": -7.5898,
      "timezone": "Africa/Casablanca"
    }
  ],
  "countries": {
    "US": "United States",
    "GB": "United Kingdom",
    "FR": "France",
    "JP": "Japan",
    "AU": "Australia",
    "AE": "United Arab Emirates",
    "SG": "Singapore",
    "DE": "Germany",
    "IN": "India",
    "BR": "Brazil",
    "EG": "Egypt",
    "RU": "Russia",
    "CA": "Canada",
    "HK": "Hong Kong",
    "KR": "South Korea",
    "TH": "Thailand",
    "NL": "Netherlands",
    "IT": "Italy",
    "ES": "Spain",
    "CI": "Côte d'Ivoire",
    "NG": "Nigeria",
    "KE": "Kenya",
    "ZA": "South Africa",
    "MA": "Morocco"
  }
}
